AFFGEOID,count
1500000US170318391001,132
1500000US170318424001,71
1500000US170310814011,67
1500000US170312605001,65
1500000US170318314001,61
1500000US170318429001,58
1500000US170313204001,57
1500000US170318346001,54
1500000US170318430002,53
1500000US170310818001,53
1500000US170312705001,51
1500000US170310817002,50
1500000US170318431001,49
1500000US170314906001,49
1500000US170313201021,48
1500000US170312607002,48
1500000US170318425001,47
1500000US170318424002,47
1500000US170318387001,47
1500000US170318378001,46
1500000US170310815003,46
1500000US170312608001,46
1500000US170316912002,45
1500000US170318430001,45
1500000US170318346002,45
1500000US170318415001,45
1500000US170318419002,45
1500000US170314207005,44
1500000US170314313023,42
1500000US170318434001,41
1500000US170318370001,41
1500000US170314402011,40
1500000US170318410001,39
1500000US170318388002,37
1500000US170318439001,37
1500000US170313301021,36
1500000US170314305001,36
1500000US170316609003,35
1500000US170316702001,35
1500000US170315401022,34
1500000US170310102021,33
1500000US170318411002,33
1500000US170314313013,33
1500000US170318422001,32
1500000US170314401011,32
1500000US170312315004,32
1500000US170317110002,32
1500000US170318446001,32
1500000US170318432002,32
1500000US170315401012,32
1500000US170316903002,31
1500000US170313406001,31
1500000US170312522023,31
1500000US170314910001,31
1500000US170314302003,31
1500000US170317105001,31
1500000US170318418002,31
1500000US170314914003,31
1500000US170315305011,31
1500000US170312601001,30
1500000US170312521011,30
1500000US170316911001,30
1500000US170312519004,30
1500000US170318411004,30
1500000US170316903001,29
1500000US170314005001,29
1500000US170313510003,29
1500000US170316915003,29
1500000US170318320001,29
1500000US170318391002,29
1500000US170312518003,29
1500000US170313814001,28
1500000US170310815002,28
1500000US170318343002,28
1500000US170312603001,28
1500000US170312909004,28
1500000US170312517001,28
1500000US170318373001,28
1500000US170312604001,28
1500000US170312602001,28
1500000US170312409001,28
1500000US170318368002,28
1500000US170316810002,27
1500000US170318355002,27
1500000US170314313022,27
1500000US170312435002,27
1500000US170316806001,27
1500000US170314909022,27
1500000US170316913002,27
1500000US170318340001,27
1500000US170313806003,27
1500000US170312522025,27
1500000US170312712001,26
1500000US170312808001,26
1500000US170314314003,26
1500000US170312508001,26
1500000US170316904003,26
1500000US170318314002,26
1500000US170318367002,26
1500000US170318313001,26
1500000US170312518002,26
1500000US170318380002,25
1500000US170318433001,25
1500000US170310812012,25
1500000US170314301012,25
1500000US170312414001,25
1500000US170313903002,25
1500000US170312610001,25
1500000US170314303001,25
1500000US170318368001,25
1500000US170312608002,25
1500000US170312925003,25
1500000US170314003001,25
1500000US170314503001,25
1500000US170314605007,24
1500000US170314314002,24
1500000US170315303001,24
1500000US170318381002,24
1500000US170312515004,24
1500000US170318390002,24
1500000US170315401011,24
1500000US170317110003,24
1500000US170316505003,24
1500000US170318342002,24
1500000US170314801002,24
1500000US170312307003,24
1500000US170312518004,24
1500000US170315103002,24
1500000US170314701001,24
1500000US170316915002,24
1500000US170318419001,24
1500000US170318402001,24
1500000US170316711001,23
1500000US170312516001,23
1500000US170316809004,23
1500000US170313504001,23
1500000US170316606005,23
1500000US170318342004,23
1500000US170318349002,23
1500000US170314305003,23
1500000US170318374002,23
1500000US170314302005,23
1500000US170312522021,23
1500000US170317103001,23
1500000US170318330002,23
1500000US170312518001,23
1500000US170312521023,23
1500000US170318387002,23
1500000US170314313021,23
1500000US170317109002,23
1500000US170314401014,23
1500000US170314910003,23
1500000US170312912002,22
1500000US170318421005,22
1500000US170312521024,22
1500000US170312520001,22
1500000US170312312003,22
1500000US170310816001,22
1500000US170312714001,22
1500000US170312522013,22
1500000US170318366001,22
1500000US170316809001,22
1500000US170310810006,22
1500000US170312519002,22
1500000US170314408002,22
1500000US170312713001,22
1500000US170312828001,22
1500000US170312312001,22
1500000US170312315001,22
1500000US170318415002,22
1500000US170314604001,22
1500000US170316607002,22
1500000US170318447001,22
1500000US170314306001,22
1500000US170312607001,22
1500000US170317102001,22
1500000US170318307003,22
1500000US170316813001,22
1500000US170313201022,22
1500000US170316719001,22
1500000US170314313011,22
1500000US170314603021,21
1500000US170315103004,21
1500000US170318382002,21
1500000US170313012001,21
1500000US170313301033,21
1500000US170313904001,21
1500000US170314610001,21
1500000US170316813002,21
1500000US170316904004,21
1500000US170312912001,21
1500000US170314107001,21
1500000US170318330001,21
1500000US170318431002,21
1500000US170313801001,21
1500000US170318345001,21
1500000US170314401012,21
1500000US170316810004,21
1500000US170313302002,21
1500000US170312511001,21
1500000US170317109001,21
1500000US170315306003,21
1500000US170314313012,21
1500000US170313206002,21
1500000US170316103003,21
1500000US170318404001,21
1500000US170312609002,20
1500000US170312521022,20
1500000US170316112002,20
1500000US170312609001,20
1500000US170316606001,20
1500000US170316701001,20
1500000US170312315005,20
1500000US170318412002,20
1500000US170318350002,20
1500000US170316610004,20
1500000US170315301001,20
1500000US170318411001,20
1500000US170312610002,20
1500000US170312909003,20
1500000US170318323001,20
1500000US170316814001,20
1500000US170314108001,20
1500000US170314601001,20
1500000US170313514001,20
1500000US170317102005,20
1500000US170314402022,19
1500000US170314301023,19
1500000US170318367001,19
1500000US170316718001,19
1500000US170319800001,19
1500000US170314207003,19
1500000US170317304002,19
1500000US170314805002,19
1500000US170316115002,19
1500000US170318423001,19
1500000US170314910004,19
1500000US170316912001,19
1500000US170316713001,19
1500000US170316606004,19
1500000US170312922002,19
1500000US170310106004,19
1500000US170312924001,19
1500000US170310814033,18
1500000US170314206001,18
1500000US170318387003,18
1500000US170318421001,18
1500000US170316712001,18
1500000US170317114002,18
1500000US170310314005,18
1500000US170318423002,18
1500000US170318413002,18
1500000US170314004002,18
1500000US170314909012,18
1500000US170318371002,18
1500000US170312312004,18
1500000US170318311001,18
1500000US170316119001,18
1500000US170312513001,18
1500000US170313206001,18
1500000US170316805001,18
1500000US170310818002,18
1500000US170315305012,18
1500000US170314402012,18
1500000US170314401023,18
1500000US170316809003,18
1500000US170312309001,18
1500000US170314914002,18
1500000US170314803001,18
1500000US170315305032,18
1500000US170318352001,17
1500000US170316905001,17
1500000US170312516003,17
1500000US170314004001,17
1500000US170316716002,17
1500000US170316911002,17
1500000US170316113003,17
1500000US170314401021,17
1500000US170318350001,17
1500000US170313405001,17
1500000US170314105002,17
1500000US170314312001,17
1500000US170315306001,17
1500000US170312522024,17
1500000US170313818002,17
1500000US170318432001,17
1500000US170317107001,17
1500000US170315305021,17
1500000US170318369001,17
1500000US170312827002,17
1500000US170316910001,17
1500000US170318426002,17
1500000US170314008001,17
1500000US170312424001,17
1500000US170318392002,17
1500000US170312925001,17
1500000US170312514004,17
1500000US170318339001,17
1500000US170316606003,17
1500000US170314602002,17
1500000US170316714001,17
1500000US170314605006,16
1500000US170317104002,16
1500000US170317304001,16
1500000US170312312002,16
1500000US170314202001,16
1500000US170318307004,16
1500000US170316610003,16
1500000US170312518005,16
1500000US170317108005,16
1500000US170314608004,16
1500000US170316812001,16
1500000US170317302012,16
1500000US170318305001,16
1500000US170310312004,16
1500000US170314309001,16
1500000US170316608001,16
1500000US170316704001,16
1500000US170313018012,16
1500000US170318418001,16
1500000US170312305002,16
1500000US170310312003,16
1500000US170316913001,16
1500000US170316707001,16
1500000US170310817001,16
1500000US170316809002,16
1500000US170312425002,16
1500000US170314208002,16
1500000US170318428004,16
1500000US170315301002,16
1500000US170316303002,16
1500000US170311913022,16
1500000US170312515003,16
1500000US170312924002,16
1500000US170312804001,16
1500000US170312315003,16
1500000US170318356002,16
1500000US170312520002,16
1500000US170314309002,16
1500000US170316306002,16
1500000US170314403002,16
1500000US170312922003,16
1500000US170312426002,16
1500000US170317111002,16
1500000US170313602001,15
1500000US170312606002,15
1500000US170316708002,15
1500000US170315002001,15
1500000US170312311001,15
1500000US170315304001,15
1500000US170314008002,15
1500000US170314402014,15
1500000US170313016001,15
1500000US170312502001,15
1500000US170318333001,15
1500000US170312510001,15
1500000US170318342003,15
1500000US170314212001,15
1500000US170314805003,15
1500000US170310306031,15
1500000US170314306002,15
1500000US170313108002,15
1500000US170317114003,15
1500000US170316715003,15
1500000US170315002002,15
1500000US170317505003,15
1500000US170317104005,15
1500000US170313018021,15
1500000US170313806004,15
1500000US170316911004,15
1500000US170318373002,15
1500000US170310402022,15
1500000US170318351001,15
1500000US170314914001,15
1500000US170314503003,15
1500000US170312715001,15
1500000US170310402012,15
1500000US170316705001,15
1500000US170312312005,15
1500000US170316716003,15
1500000US170312403001,15
1500000US170310101002,15
1500000US170312522022,15
1500000US170311105022,15
1500000US170316118001,15
1500000US170310804001,15
1500000US170316910002,15
1500000US170314608003,15
1500000US170312516002,15
1500000US170316814003,15
1500000US170312415001,14
1500000US170312909001,14
1500000US170313511002,14
1500000US170314304004,14
1500000US170315305033,14
1500000US170316610001,14
1500000US170317101001,14
1500000US170317307002,14
1500000US170316116002,14
1500000US170310106003,14
1500000US170316909001,14
1500000US170312305001,14
1500000US170312504003,14
1500000US170316909003,14
1500000US170313106001,14
1500000US170314110003,14
1500000US170312304002,14
1500000US170312306001,14
1500000US170318447003,14
1500000US170318436001,14
1500000US170312512003,14
1500000US170316120002,14
1500000US170314208001,14
1500000US170315102002,14
1500000US170315702001,14
1500000US170316605002,14
1500000US170317108004,14
1500000US170317114001,14
1500000US170314701002,14
1500000US170316715002,14
1500000US170318358001,14
1500000US170317106002,14
1500000US170317001002,14
1500000US170313103001,14
1500000US170310312002,14
1500000US170316119002,14
1500000US170312522011,14
1500000US170310209022,14
1500000US170312502002,14
1500000US170311912001,14
1500000US170316720003,14
1500000US170318331002,14
1500000US170314201001,14
1500000US170311605012,14
1500000US170314403004,14
1500000US170318361002,14
1500000US170318396002,14
1500000US170318420002,14
1500000US170315805023,13
1500000US170314908003,13
1500000US170318378002,13
1500000US170310802021,13
1500000US170318339002,13
1500000US170318396001,13
1500000US170312507003,13
1500000US170314910002,13
1500000US170317305004,13
1500000US170316720002,13
1500000US170312511004,13
1500000US170316103002,13
1500000US170317302014,13
1500000US170316707002,13
1500000US170316610005,13
1500000US170316701002,13
1500000US170314403005,13
1500000US170318315001,13
1500000US170312511003,13
1500000US170314302001,13
1500000US170316114003,13
1500000US170318360003,13
1500000US170316201001,13
1500000US170312606001,13
1500000US170317102004,13
1500000US170312507002,13
1500000US170315302002,13
1500000US170312909002,13
1500000US170318382001,13
1500000US170318421002,13
1500000US170318364003,13
1500000US170314301021,13
1500000US170312414004,13
1500000US170316113001,13
1500000US170318347003,13
1500000US170318361001,13
1500000US170315302003,13
1500000US170312427001,13
1500000US170313818001,13
1500000US170318362001,13
1500000US170318340002,13
1500000US170318350003,13
1500000US170315001004,13
1500000US170312514003,13
1500000US170312206022,13
1500000US170315102003,13
1500000US170310621003,13
1500000US170316104001,13
1500000US170316910004,13
1500000US170315306002,13
1500000US170314302004,13
1500000US170316607001,13
1500000US170314601004,13
1500000US170317306002,13
1500000US170312519003,12
1500000US170317506001,12
1500000US170312522012,12
1500000US170316305002,12
1500000US170314913001,12
1500000US170312515001,12
1500000US170313009002,12
1500000US170314409001,12
1500000US170318310002,12
1500000US170311402003,12
1500000US170312838001,12
1500000US170316811002,12
1500000US170314603013,12
1500000US170313109003,12
1500000US170313905001,12
1500000US170312432001,12
1500000US170318351003,12
1500000US170310811003,12
1500000US170312513005,12
1500000US170318435001,12
1500000US170310104001,12
1500000US170315807002,12
1500000US170313008002,12
1500000US170317104001,12
1500000US170315202001,12
1500000US170313018031,12
1500000US170312411002,12
1500000US170317108002,12
1500000US170314801001,12
1500000US170318317001,12
1500000US170314409002,12
1500000US170314207004,12
1500000US170318348002,12
1500000US170312405001,12
1500000US170310101003,12
1500000US170312519001,12
1500000US170316720001,12
1500000US170310611001,12
1500000US170315201001,12
1500000US170314909011,12
1500000US170314205002,12
1500000US170313806002,12
1500000US170310814031,12
1500000US170313012003,12
1500000US170314401024,12
1500000US170316603022,12
1500000US170314907003,12
1500000US170314206002,12
1500000US170315302004,12
1500000US170318395001,12
1500000US170312415003,12
1500000US170316121001,12
1500000US170314307002,12
1500000US170318347001,12
1500000US170316714002,11
1500000US170313901001,11
1500000US170318329001,11
1500000US170315604001,11
1500000US170310630001,11
1500000US170310622001,11
1500000US170311901001,11
1500000US170312801001,11
1500000US170316703002,11
1500000US170316503021,11
1500000US170312101002,11
1500000US170314603023,11
1500000US170312106021,11
1500000US170316605001,11
1500000US170316716001,11
1500000US170317112001,11
1500000US170314304001,11
1500000US170312521021,11
1500000US170310107021,11
1500000US170314111001,11
1500000US170314608002,11
1500000US170312512004,11
1500000US170314204001,11
1500000US170316609001,11
1500000US170316814002,11
1500000US170316914003,11
1500000US170315302005,11
1500000US170316909005,11
1500000US170312315002,11
1500000US170312503002,11
1500000US170313017013,11
1500000US170317108003,11
1500000US170313017012,11
1500000US170314804005,11
1500000US170318374001,11
1500000US170316308004,11
1500000US170318403001,11
1500000US170312004021,11
1500000US170311406011,11
1500000US170312413001,11
1500000US170318390001,11
1500000US170315805014,11
1500000US170313109001,11
1500000US170314804003,11
1500000US170310630003,11
1500000US170314602001,11
1500000US170316813003,11
1500000US170316812003,11
1500000US170312513004,11
1500000US170318387004,11
1500000US170318342001,11
1500000US170313005002,11
1500000US170311909001,11
1500000US170318436002,11
1500000US170314402013,11
1500000US170315704002,11
1500000US170318315002,11
1500000US170313907001,11
1500000US170313018023,11
1500000US170318407003,11
1500000US170312206021,11
1500000US170315305014,11
1500000US170312832001,11
1500000US170316715001,11
1500000US170312306002,11
1500000US170310208022,11
1500000US170318417001,11
1500000US170314308001,11
1500000US170316810001,11
1500000US170312429002,11
1500000US170314913002,11
1500000US170313017022,11
1500000US170314406002,11
1500000US170318411003,11
1500000US170316122001,11
1500000US170311911002,11
1500000US170318344002,11
1500000US170312107003,11
1500000US170316811003,11
1500000US170316915001,11
1500000US170312507001,11
1500000US170317115002,11
1500000US170314305002,11
1500000US170314902002,11
1500000US170314403001,11
1500000US170314905002,10
1500000US170310103002,10
1500000US170312425001,10
1500000US170315806004,10
1500000US170313018022,10
1500000US170312422002,10
1500000US170310311001,10
1500000US170311906022,10
1500000US170312925002,10
1500000US170314408001,10
1500000US170311006004,10
1500000US170317501004,10
1500000US170314905001,10
1500000US170314301011,10
1500000US170313011002,10
1500000US170314402021,10
1500000US170314802001,10
1500000US170318343003,10
1500000US170316608004,10
1500000US170316608002,10
1500000US170310209011,10
1500000US170310620001,10
1500000US170314902001,10
1500000US170314804006,10
1500000US170312433001,10
1500000US170310321005,10
1500000US170310301032,10
1500000US170311610001,10
1500000US170314908005,10
1500000US170314304003,10
1500000US170318438001,10
1500000US170315401021,10
1500000US170311301003,10
1500000US170317107002,10
1500000US170316603011,10
1500000US170318331004,10
1500000US170317307001,10
1500000US170318348001,10
1500000US170315803001,10
1500000US170312004012,10
1500000US170316914005,10
1500000US170315003002,10
1500000US170316904002,10
1500000US170316811001,10
1500000US170312718001,10
1500000US170310802023,10
1500000US170312430001,10
1500000US170312507004,10
1500000US170318439005,10
1500000US170316204004,10
1500000US170316122003,10
1500000US170310812011,10
1500000US170318421006,10
1500000US170312416002,10
1500000US170314802002,10
1500000US170312506001,10
1500000US170318322002,10
1500000US170314604003,10
1500000US170314302002,10
1500000US170316103001,10
1500000US170316911003,10
1500000US170313018032,10
1500000US170310631001,10
1500000US170318386001,10
1500000US170314312002,10
1500000US170310814032,10
1500000US170312801003,10
1500000US170312428001,10
1500000US170312512002,10
1500000US170313301011,10
1500000US170312215002,10
1500000US170317105004,10
1500000US170312421001,10
1500000US170314601002,10
1500000US170315305013,10
1500000US170312433002,10
1500000US170310104003,10
1500000US170316606002,10
1500000US170312303001,10
1500000US170316608003,10
1500000US170312503003,10
1500000US170316904001,9
1500000US170314804007,9
1500000US170317107003,9
1500000US170311506001,9
1500000US170312819001,9
1500000US170312307004,9
1500000US170316811005,9
1500000US170310814012,9
1500000US170314908002,9
1500000US170313812001,9
1500000US170312503001,9
1500000US170318366002,9
1500000US170316703001,9
1500000US170318311004,9
1500000US170314608001,9
1500000US170318408001,9
1500000US170310107024,9
1500000US170316406002,9
1500000US170311502004,9
1500000US170318390004,9
1500000US170318438002,9
1500000US170318437001,9
1500000US170314105001,9
1500000US170312105011,9
1500000US170310814021,9
1500000US170312809001,9
1500000US170312410002,9
1500000US170314207002,9
1500000US170312838002,9
1500000US170312513002,9
1500000US170318310001,9
1500000US170313902001,9
1500000US170316305001,9
1500000US170310209013,9
1500000US170316203005,9
1500000US170310102013,9
1500000US170312504005,9
1500000US170313301023,9
1500000US170316608005,9
1500000US170312511002,9
1500000US170318344003,9
1500000US170318309001,9
1500000US170312410001,9
1500000US170312827001,9
1500000US170310201002,9
1500000US170316609002,9
1500000US170315808001,9
1500000US170310714002,9
1500000US170315704001,9
1500000US170313806001,9
1500000US170318349001,9
1500000US170313906002,9
1500000US170310205003,9
1500000US170316709001,9
1500000US170312228001,9
1500000US170317302022,9
1500000US170315701001,9
1500000US170317105002,9
1500000US170314907001,9
1500000US170316116001,9
1500000US170312424002,9
1500000US170316603024,9
1500000US170310718001,9
1500000US170318439002,9
1500000US170316304004,9
1500000US170314407002,9
1500000US170316910003,9
1500000US170314101001,9
1500000US170311407023,9
1500000US170310703002,9
1500000US170314409003,9
1500000US170317001001,9
1500000US170318306001,9
1500000US170317302013,9
1500000US170313510002,9
1500000US170317501001,9
1500000US170310803002,9
1500000US170310301011,9
1500000US170314605001,9
1500000US170315204003,8
1500000US170315905001,8
1500000US170315203002,8
1500000US170314301014,8
1500000US170318370002,8
1500000US170314909013,8
1500000US170317504002,8
1500000US170318439004,8
1500000US170318343001,8
1500000US170312227002,8
1500000US170318421004,8
1500000US170317102003,8
1500000US170311607005,8
1500000US170317505004,8
1500000US170311906011,8
1500000US170318312002,8
1500000US170317115001,8
1500000US170317506004,8
1500000US170313802001,8
1500000US170315607002,8
1500000US170310102011,8
1500000US170315801001,8
1500000US170317112004,8
1500000US170315601001,8
1500000US170311602004,8
1500000US170318408002,8
1500000US170311606013,8
1500000US170312412001,8
1500000US170314909023,8
1500000US170314314001,8
1500000US170316009002,8
1500000US170310317001,8
1500000US170313106002,8
1500000US170314913003,8
1500000US170312209022,8
1500000US170315703004,8
1500000US170318428005,8
1500000US170312520003,8
1500000US170310307031,8
1500000US170312414002,8
1500000US170316309001,8
1500000US170317305003,8
1500000US170315102001,8
1500000US170311104001,8
1500000US170310810002,8
1500000US170316603023,8
1500000US170317111003,8
1500000US170314308002,8
1500000US170314301022,8
1500000US170314805001,8
1500000US170317303001,8
1500000US170313017011,8
1500000US170314401022,8
1500000US170318369002,8
1500000US170315304002,8
1500000US170316004002,8
1500000US170313102001,8
1500000US170318312003,8
1500000US170316708001,8
1500000US170313016002,8
1500000US170314304002,8
1500000US170317110001,8
1500000US170314605005,8
1500000US170310703001,8
1500000US170310711002,8
1500000US170316306001,8
1500000US170314605003,8
1500000US170318343006,8
1500000US170310815001,8
1500000US170312002003,8
1500000US170310103004,8
1500000US170318306002,8
1500000US170312434001,8
1500000US170315804003,8
1500000US170313404001,8
1500000US170318305002,8
1500000US170315501003,8
1500000US170318412003,8
1500000US170311912002,8
1500000US170316720004,8
1500000US170310712001,8
1500000US170317306003,8
1500000US170317106001,8
1500000US170314909024,8
1500000US170315907001,8
1500000US170310702001,8
1500000US170318371001,8
1500000US170316603021,8
1500000US170312207022,8
1500000US170312226001,8
1500000US170312508002,8
1500000US170310623001,8
1500000US170310311002,8
1500000US170315001002,8
1500000US170312309003,8
1500000US170312421003,8
1500000US170313904002,8
1500000US170316909002,8
1500000US170310315021,8
1500000US170310803004,8
1500000US170311907021,8
1500000US170313819002,8
1500000US170316117001,8
1500000US170310107023,8
1500000US170315805011,8
1500000US170310206023,7
1500000US170316303001,7
1500000US170315802001,7
1500000US170312515002,7
1500000US170318324002,7
1500000US170310621001,7
1500000US170311402002,7
1500000US170311405001,7
1500000US170312514001,7
1500000US170310102014,7
1500000US170318413001,7
1500000US170310403003,7
1500000US170312412002,7
1500000US170314601003,7
1500000US170315703003,7
1500000US170312421002,7
1500000US170312002002,7
1500000US170310205001,7
1500000US170315501001,7
1500000US170315807001,7
1500000US170310310003,7
1500000US170311511004,7
1500000US170313902002,7
1500000US170318390003,7
1500000US170310317003,7
1500000US170316914004,7
1500000US170316611004,7
1500000US170310208023,7
1500000US170314911003,7
1500000US170315206001,7
1500000US170314303002,7
1500000US170315305031,7
1500000US170314110001,7
1500000US170317302011,7
1500000US170318365002,7
1500000US170316501002,7
1500000US170317005022,7
1500000US170315906001,7
1500000US170310103001,7
1500000US170314804002,7
1500000US170317301003,7
1500000US170312507005,7
1500000US170317108006,7
1500000US170316814004,7
1500000US170314303003,7
1500000US170312420002,7
1500000US170314005002,7
1500000US170315805013,7
1500000US170317401004,7
1500000US170318350005,7
1500000US170310302001,7
1500000US170311902001,7
1500000US170310634001,7
1500000US170313907003,7
1500000US170316811004,7
1500000US170312423002,7
1500000US170311609002,7
1500000US170310634002,7
1500000US170318447002,7
1500000US170316118002,7
1500000US170311502005,7
1500000US170310816002,7
1500000US170312423001,7
1500000US170315807003,7
1500000US170312002004,7
1500000US170315502002,7
1500000US170312301001,7
1500000US170312105012,7
1500000US170314603024,7
1500000US170314902003,7
1500000US170317004023,7
1500000US170316401001,7
1500000US170315603002,7
1500000US170311502002,7
1500000US170315103003,7
1500000US170314503004,7
1500000US170313510001,7
1500000US170315802002,7
1500000US170310621002,7
1500000US170310106001,7
1500000US170317102002,7
1500000US170314212002,7
1500000US170316604002,7
1500000US170310813006,7
1500000US170310207022,7
1500000US170314503002,7
1500000US170312206023,7
1500000US170312214002,7
1500000US170311907011,7
1500000US170312422001,7
1500000US170314102001,7
1500000US170312435001,7
1500000US170313812002,7
1500000US170318365001,7
1500000US170312308001,7
1500000US170315703001,7
1500000US170318321003,7
1500000US170317305002,7
1500000US170314603012,7
1500000US170310102012,7
1500000US170314207001,7
1500000US170314603022,7
1500000US170316309003,7
1500000US170316713002,7
1500000US170310706002,7
1500000US170311603002,7
1500000US170318383001,7
1500000US170313107001,7
1500000US170315303004,7
1500000US170314603011,7
1500000US170316117002,7
1500000US170315602002,7
1500000US170312426001,7
1500000US170315804001,7
1500000US170317304004,7
1500000US170317107004,7
1500000US170311407021,7
1500000US170313008001,7
1500000US170312213001,7
1500000US170317113001,7
1500000US170314804004,7
1500000US170318401002,7
1500000US170318319001,7
1500000US170313201012,6
1500000US170312512001,6
1500000US170317005012,6
1500000US170318311003,6
1500000US170310603002,6
1500000US170311903001,6
1500000US170312831002,6
1500000US170311913011,6
1500000US170310105012,6
1500000US170318360002,6
1500000US170311906021,6
1500000US170310321004,6
1500000US170316505002,6
1500000US170312819002,6
1500000US170315103001,6
1500000US170310715005,6
1500000US170316120001,6
1500000US170310604003,6
1500000US170318364002,6
1500000US170317305001,6
1500000US170314307001,6
1500000US170316503012,6
1500000US170316706002,6
1500000US170318348003,6
1500000US170311608002,6
1500000US170310402021,6
1500000US170312307001,6
1500000US170313815001,6
1500000US170311605011,6
1500000US170317005015,6
1500000US170318356001,6
1500000US170317202001,6
1500000US170312205003,6
1500000US170316909004,6
1500000US170311913021,6
1500000US170311607004,6
1500000US170315003001,6
1500000US170316114001,6
1500000US170314908004,6
1500000US170310810003,6
1500000US170314402023,6
1500000US170310315013,6
1500000US170315204004,6
1500000US170318351002,6
1500000US170310105022,6
1500000US170310208014,6
1500000US170316115001,6
1500000US170316502002,6
1500000US170316914002,6
1500000US170312506002,6
1500000US170310207023,6
1500000US170318364001,6
1500000US170317301002,6
1500000US170311911005,6
1500000US170318351004,6
1500000US170310811002,6
1500000US170312108001,6
1500000US170311102001,6
1500000US170315801002,6
1500000US170312106013,6
1500000US170313511001,6
1500000US170316610002,6
1500000US170311903004,6
1500000US170318386002,6
1500000US170310628001,6
1500000US170314112001,6
1500000US170310104002,6
1500000US170310313001,6
1500000US170310629003,6
1500000US170318413003,6
1500000US170310711001,6
1500000US170317501003,6
1500000US170317112003,6
1500000US170317005013,6
1500000US170310819001,6
1500000US170312514002,6
1500000US170311904022,6
1500000US170310803003,6
1500000US170310803001,6
1500000US170312831001,6
1500000US170313007003,6
1500000US170318428002,6
1500000US170310610001,6
1500000US170312306006,6
1500000US170318413004,6
1500000US170313301032,6
1500000US170314912001,6
1500000US170310609001,6
1500000US170312306005,6
1500000US170314908001,6
1500000US170311001004,6
1500000US170312109001,6
1500000US170312922001,6
1500000US170317003024,6
1500000US170314301013,6
1500000US170318307002,6
1500000US170311903003,6
1500000US170312407001,6
1500000US170310608001,6
1500000US170310207011,6
1500000US170311408005,6
1500000US170311404001,6
1500000US170317003013,6
1500000US170316810003,6
1500000US170311913013,6
1500000US170318134001,6
1500000US170318421003,6
1500000US170315501004,6
1500000US170311104003,6
1500000US170312210002,6
1500000US170317004012,6
1500000US170316304002,6
1500000US170316502001,6
1500000US170314109003,6
1500000US170316108001,6
1500000US170318331001,6
1500000US170317306001,6
1500000US170316112001,6
1500000US170310203023,6
1500000US170311913012,6
1500000US170310701013,6
1500000US170310105013,6
1500000US170318325002,6
1500000US170316503011,6
1500000US170310206012,6
1500000US170310615001,6
1500000US170313403001,6
1500000US170312302001,6
1500000US170317108001,6
1500000US170310305002,6
1500000US170315001001,6
1500000US170318397002,6
1500000US170316709002,6
1500000US170310208024,6
1500000US170311507004,6
1500000US170313007001,6
1500000US170312004022,6
1500000US170311511001,6
1500000US170318131001,6
1500000US170310306043,6
1500000US170312207013,6
1500000US170312415002,6
1500000US170314912003,6
1500000US170312520004,6
1500000US170311911004,5
1500000US170318344001,5
1500000US170318343005,5
1500000US170318363002,5
1500000US170313105001,5
1500000US170312304001,5
1500000US170311604003,5
1500000US170318305003,5
1500000US170317502002,5
1500000US170316408001,5
1500000US170310308004,5
1500000US170311505023,5
1500000US170318326002,5
1500000US170310713001,5
1500000US170311503001,5
1500000US170313201011,5
1500000US170311406023,5
1500000US170311508001,5
1500000US170312206012,5
1500000US170311613004,5
1500000US170312309002,5
1500000US170318381001,5
1500000US170310629001,5
1500000US170310303002,5
1500000US170312414003,5
1500000US170315101001,5
1500000US170310619014,5
1500000US170310105032,5
1500000US170316611001,5
1500000US170318407001,5
1500000US170310632001,5
1500000US170311408001,5
1500000US170314108002,5
1500000US170315608001,5
1500000US170317002004,5
1500000US170310207021,5
1500000US170312001002,5
1500000US170311907023,5
1500000US170312432002,5
1500000US170310301022,5
1500000US170314911004,5
1500000US170316503022,5
1500000US170310321003,5
1500000US170311407011,5
1500000US170311613002,5
1500000US170311403023,5
1500000US170315607001,5
1500000US170311406024,5
1500000US170312002001,5
1500000US170318326001,5
1500000US170311510012,5
1500000US170316308001,5
1500000US170312505002,5
1500000US170316713003,5
1500000US170318325001,5
1500000US170313017021,5
1500000US170312426004,5
1500000US170310306032,5
1500000US170310306013,5
1500000US170311906023,5
1500000US170318398001,5
1500000US170310632004,5
1500000US170310321002,5
1500000US170318343004,5
1500000US170311508005,5
1500000US170318428003,5
1500000US170315101002,5
1500000US170311906013,5
1500000US170316503013,5
1500000US170310209021,5
1500000US170317111001,5
1500000US170315806001,5
1500000US170318407002,5
1500000US170310321001,5
1500000US170314605004,5
1500000US170316308003,5
1500000US170311710005,5
1500000US170310302004,5
1500000US170316308002,5
1500000US170312513003,5
1500000US170312506003,5
1500000US170310202002,5
1500000US170316706001,5
1500000US170311611002,5
1500000US170311407012,5
1500000US170319801001,5
1500000US170318388001,5
1500000US170317004014,5
1500000US170313501001,5
1500000US170310307011,5
1500000US170310105031,5
1500000US170311408004,5
1500000US170312204002,5
1500000US170311612001,5
1500000US170311403022,5
1500000US170314203001,5
1500000US170312209021,5
1500000US170312105021,5
1500000US170313108003,5
1500000US170312411001,5
1500000US170312819003,5
1500000US170316912003,5
1500000US170310633031,5
1500000US170310702002,5
1500000US170315603001,5
1500000US170311512002,5
1500000US170312107002,5
1500000US170311902004,5
1500000US170311105021,5
1500000US170312431002,5
1500000US170312307002,5
1500000US170312420003,5
1500000US170314913004,5
1500000US170314106001,5
1500000US170313018011,5
1500000US170317004011,5
1500000US170318426004,5
1500000US170314604002,5
1500000US170310631002,5
1500000US170316405002,5
1500000US170311711002,5
1500000US170316407004,5
1500000US170317506003,5
1500000US170317104006,5
1500000US170312506004,5
1500000US170315001003,5
1500000US170318399002,5
1500000US170314401013,5
1500000US170316604004,5
1500000US170316305004,5
1500000US170318401001,5
1500000US170317005021,5
1500000US170312214003,5
1500000US170311608005,5
1500000US170315401023,5
1500000US170310102022,5
1500000US170317207002,5
1500000US170315302001,5
1500000US170313007002,5
1500000US170311606022,5
1500000US170317005011,5
1500000US170316309002,5
1500000US170314109001,5
1500000US170312211002,5
1500000US170311908003,5
1500000US170318319002,5
1500000US170310315012,5
1500000US170317002002,5
1500000US170318400001,5
1500000US170312306004,5
1500000US170317506002,5
1500000US170313104001,5
1500000US170311607001,5
1500000US170316203002,5
1500000US170312207021,5
1500000US170313009003,5
1500000US170313017023,5
1500000US170311001001,5
1500000US170318383002,4
1500000US170315804004,4
1500000US170312426003,4
1500000US170310208021,4
1500000US170311406022,4
1500000US170318380001,4
1500000US170310602002,4
1500000US170316304001,4
1500000US170316122002,4
1500000US170310304002,4
1500000US170313108001,4
1500000US170314314004,4
1500000US170311904012,4
1500000US170312504002,4
1500000US170310103003,4
1500000US170317203004,4
1500000US170317004021,4
1500000US170314403003,4
1500000US170310612001,4
1500000US170317502004,4
1500000US170318321002,4
1500000US170316605003,4
1500000US170311406021,4
1500000US170313301024,4
1500000US170312406001,4
1500000US170311801003,4
1500000US170312504001,4
1500000US170317304003,4
1500000US170310310002,4
1500000US170312212001,4
1500000US170316604003,4
1500000US170317113002,4
1500000US170311606011,4
1500000US170318233032,4
1500000US170314604004,4
1500000US170311404004,4
1500000US170311407024,4
1500000US170310604001,4
1500000US170317402004,4
1500000US170310707002,4
1500000US170315502001,4
1500000US170314605002,4
1500000US170318306003,4
1500000US170310204002,4
1500000US170311605023,4
1500000US170313009001,4
1500000US170316605004,4
1500000US170316204003,4
1500000US170314907002,4
1500000US170313005001,4
1500000US170313011001,4
1500000US170315303002,4
1500000US170310401001,4
1500000US170315703002,4
1500000US170317401001,4
1500000US170318426001,4
1500000US170312434002,4
1500000US170315805022,4
1500000US170313006002,4
1500000US170311904011,4
1500000US170311911001,4
1500000US170318426003,4
1500000US170315806003,4
1500000US170311710003,4
1500000US170311911003,4
1500000US170312207012,4
1500000US170316203006,4
1500000US170316611002,4
1500000US170313106003,4
1500000US170311407022,4
1500000US170311708001,4
1500000US170310811001,4
1500000US170316604001,4
1500000US170318318001,4
1500000US170310305001,4
1500000US170312402001,4
1500000US170312107001,4
1500000US170310318001,4
1500000US170316202001,4
1500000US170310629002,4
1500000US170314804001,4
1500000US170311609001,4
1500000US170316405001,4
1500000US170312216002,4
1500000US170314909021,4
1500000US170316504003,4
1500000US170313006001,4
1500000US170310626001,4
1500000US170315906002,4
1500000US170315203004,4
1500000US170318398003,4
1500000US170310208013,4
1500000US170313301022,4
1500000US170317608012,4
1500000US170310409002,4
1500000US170311401002,4
1500000US170316914001,4
1500000US170314109002,4
1500000US170311710006,4
1500000US170312003002,4
1500000US170314101002,4
1500000US170315204001,4
1500000US170314406001,4
1500000US170311005001,4
1500000US170318318004,4
1500000US170318102002,4
1500000US170316611005,4
1500000US170318216002,4
1500000US170311402001,4
1500000US170312210001,4
1500000US170311709001,4
1500000US170310407004,4
1500000US170316202002,4
1500000US170311303003,4
1500000US170316117003,4
1500000US170317302015,4
1500000US170312001003,4
1500000US170310107012,4
1500000US170310502001,4
1500000US170311604002,4
1500000US170310301013,4
1500000US170315705002,4
1500000US170311511003,4
1500000US170310307062,4
1500000US170311702003,4
1500000US170310605001,4
1500000US170318428006,4
1500000US170318329002,4
1500000US170316504004,4
1500000US170314407001,4
1500000US170310812013,4
1500000US170310704001,4
1500000US170318355001,4
1500000US170311204002,4
1500000US170310716001,4
1500000US170313102002,4
1500000US170318347002,4
1500000US170310814023,4
1500000US170311604001,4
1500000US170312416001,4
1500000US170310101001,4
1500000US170310309002,4
1500000US170315501006,4
1500000US170316006002,4
1500000US170318350004,4
1500000US170312209013,4
1500000US170311707003,4
1500000US170311908004,4
1500000US170316812002,4
1500000US170315610006,4
1500000US170311401001,4
1500000US170318403002,4
1500000US170318326003,4
1500000US170312213002,4
1500000US170311710001,4
1500000US170310308001,4
1500000US170310513001,4
1500000US170310404012,4
1500000US170310630002,4
1500000US170317203003,4
1500000US170318309002,4
1500000US170315806002,4
1500000US170311403012,4
1500000US170311702002,4
1500000US170318392001,4
1500000US170310814022,4
1500000US170315805021,4
1500000US170316502003,4
1500000US170317105003,4
1500000US170314911001,4
1500000US170310402024,4
1500000US170312306003,4
1500000US170311502001,4
1500000US170310206022,4
1500000US170310306041,4
1500000US170311907012,4
1500000US170310402011,4
1500000US170312003001,4
1500000US170311403021,4
1500000US170313515002,4
1500000US170310307061,4
1500000US170316611003,4
1500000US170312431001,4
1500000US170316408002,4
1500000US170313012002,4
1500000US170310313002,4
1500000US170311908002,4
1500000US170311507001,3
1500000US170310203021,3
1500000US170317302023,3
1500000US170318126001,3
1500000US170316502004,3
1500000US170310618001,3
1500000US170312430002,3
1500000US170316203001,3
1500000US170310712002,3
1500000US170310715003,3
1500000US170310622002,3
1500000US170311703003,3
1500000US170312225001,3
1500000US170312211001,3
1500000US170312222002,3
1500000US170310313005,3
1500000US170311510024,3
1500000US170318397001,3
1500000US170311510021,3
1500000US170312222001,3
1500000US170310704003,3
1500000US170311710002,3
1500000US170316403002,3
1500000US170310810004,3
1500000US170310406003,3
1500000US170316114002,3
1500000US170310624001,3
1500000US170318403003,3
1500000US170317201001,3
1500000US170316404002,3
1500000US170311601001,3
1500000US170318311002,3
1500000US170310619023,3
1500000US170310514001,3
1500000US170318399001,3
1500000US170310302003,3
1500000US170317003012,3
1500000US170317302021,3
1500000US170310315011,3
1500000US170318316004,3
1500000US170315203003,3
1500000US170315907002,3
1500000US170312505001,3
1500000US170310310001,3
1500000US170312105022,3
1500000US170310302002,3
1500000US170311510023,3
1500000US170312434003,3
1500000US170313903001,3
1500000US170318400002,3
1500000US170310813003,3
1500000US170313301031,3
1500000US170310206021,3
1500000US170315804002,3
1500000US170312205002,3
1500000US170313907002,3
1500000US170312104001,3
1500000US170316406001,3
1500000US170310402014,3
1500000US170310308002,3
1500000US170310202004,3
1500000US170310619013,3
1500000US170310209012,3
1500000US170316006001,3
1500000US170317005014,3
1500000US170311510022,3
1500000US170311703005,3
1500000US170310810005,3
1500000US170311602003,3
1500000US170310619012,3
1500000US170317205002,3
1500000US170318412001,3
1500000US170311002006,3
1500000US170316201002,3
1500000US170311906012,3
1500000US170311907022,3
1500000US170311608004,3
1500000US170311705001,3
1500000US170310311003,3
1500000US170315203001,3
1500000US170316502006,3
1500000US170310609004,3
1500000US170310625001,3
1500000US170310304001,3
1500000US170316009004,3
1500000US170318331003,3
1500000US170318209021,3
1500000US170310208011,3
1500000US170310510001,3
1500000US170315602001,3
1500000US170311608003,3
1500000US170310203012,3
1500000US170318437002,3
1500000US170317502001,3
1500000US170311004003,3
1500000US170316504005,3
1500000US170315303003,3
1500000US170310705002,3
1500000US170317206001,3
1500000US170311503003,3
1500000US170312204001,3
1500000US170310714001,3
1500000US170310813004,3
1500000US170310633013,3
1500000US170315611006,3
1500000US170312106023,3
1500000US170312101001,3
1500000US170316305003,3
1500000US170310314001,3
1500000US170311908005,3
1500000US170312209012,3
1500000US170318322003,3
1500000US170310707001,3
1500000US170310107011,3
1500000US170317301001,3
1500000US170311910001,3
1500000US170317505002,3
1500000US170312106011,3
1500000US170311902002,3
1500000US170311511002,3
1500000US170311002005,3
1500000US170316004003,3
1500000US170316009001,3
1500000US170315609006,3
1500000US170310505001,3
1500000US170317203002,3
1500000US170310204003,3
1500000US170318420001,3
1500000US170317104003,3
1500000US170312916001,3
1500000US170311611001,3
1500000US170310818004,3
1500000US170311702001,3
1500000US170310502002,3
1500000US170316204001,3
1500000US170310714004,3
1500000US170318316001,3
1500000US170315202002,3
1500000US170310802011,3
1500000US170311503005,3
1500000US170310207024,3
1500000US170317202002,3
1500000US170311510011,3
1500000US170310206013,3
1500000US170310308003,3
1500000US170310701012,3
1500000US170318318005,3
1500000US170311507003,3
1500000US170311104002,3
1500000US170311404002,3
1500000US170310309003,3
1500000US170316201003,3
1500000US170311504022,3
1500000US170311105013,3
1500000US170318363001,3
1500000US170312203001,3
1500000US170312212002,3
1500000US170310633024,3
1500000US170311902003,3
1500000US170310513002,3
1500000US170310404011,3
1500000US170310506001,3
1500000US170318308002,3
1500000US170316403005,3
1500000US170315608002,3
1500000US170310205004,3
1500000US170310810001,3
1500000US170311508004,3
1500000US170317003011,2
1500000US170311704002,2
1500000US170311504012,2
1500000US170318404002,2
1500000US170317004022,2
1500000US170311105012,2
1500000US170311801004,2
1500000US170311203002,2
1500000US170317709011,2
1500000US170310710002,2
1500000US170316503014,2
1500000US170317207001,2
1500000US170316501003,2
1500000US170310505005,2
1500000US170316203004,2
1500000US170314106002,2
1500000US170312801002,2
1500000US170318109003,2
1500000US170311403011,2
1500000US170311101001,2
1500000US170310407001,2
1500000US170318308003,2
1500000US170310715002,2
1500000US170317403002,2
1500000US170311101003,2
1500000US170316004001,2
1500000US170311201004,2
1500000US170310317002,2
1500000US170311704003,2
1500000US170311704001,2
1500000US170311601002,2
1500000US170311711001,2
1500000US170311706001,2
1500000US170312209011,2
1500000US170310206024,2
1500000US170311602001,2
1500000US170316501004,2
1500000US170310633032,2
1500000US170310315022,2
1500000US170315204002,2
1500000US170310314002,2
1500000US170318126002,2
1500000US170310701032,2
1500000US170310628003,2
1500000US170317401003,2
1500000US170316403004,2
1500000US170318324001,2
1500000US170311505021,2
1500000US170310511001,2
1500000US170311607002,2
1500000US170310105021,2
1500000US170318318003,2
1500000US170317608033,2
1500000US170311002004,2
1500000US170310701031,2
1500000US170317112002,2
1500000US170310313004,2
1500000US170316504001,2
1500000US170318081001,2
1500000US170310903001,2
1500000US170316304003,2
1500000US170310902004,2
1500000US170312408002,2
1500000US170317502003,2
1500000US170310813002,2
1500000US170318209011,2
1500000US170311607003,2
1500000US170310804002,2
1500000US170310204001,2
1500000US170313301012,2
1500000US170317501002,2
1500000US170310505002,2
1500000US170315608003,2
1500000US170312229001,2
1500000US170311102002,2
1500000US170311507002,2
1500000US170310715001,2
1500000US170310619022,2
1500000US170310706001,2
1500000US170312207024,2
1500000US170311005002,2
1500000US170310619011,2
1500000US170316007002,2
1500000US170318360001,2
1500000US170311801002,2
1500000US170311504011,2
1500000US170310202003,2
1500000US170311101002,2
1500000US170318309003,2
1500000US170311707001,2
1500000US170310314003,2
1500000US170312106022,2
1500000US170310609002,2
1500000US170316403006,2
1500000US170310202001,2
1500000US170311606023,2
1500000US170310608002,2
1500000US170313501002,2
1500000US170312429001,2
1500000US170311002001,2
1500000US170310717001,2
1500000US170315805012,2
1500000US170310305004,2
1500000US170311903002,2
1500000US170317005016,2
1500000US170310201001,2
1500000US170310306011,2
1500000US170311603001,2
1500000US170311910002,2
1500000US170310307022,2
1500000US170317403001,2
1500000US170310208012,2
1500000US170310403002,2
1500000US170310801001,2
1500000US170318399003,2
1500000US170316009003,2
1500000US170310317004,2
1500000US170311405003,2
1500000US170315611005,2
1500000US170312104002,2
1500000US170317002003,2
1500000US170316505001,2
1500000US170311006001,2
1500000US170318428001,2
1500000US170311706002,2
1500000US170310632003,2
1500000US170310812021,2
1500000US170311605022,2
1500000US170318439003,2
1500000US170314205001,2
1500000US170318316002,2
1500000US170311701001,2
1500000US170316203003,2
1500000US170311504021,2
1500000US170310609003,2
1500000US170311908001,2
1500000US170310402013,2
1500000US170318135001,2
1500000US170310514002,2
1500000US170310501001,2
1500000US170312213003,2
1500000US170317608031,2
1500000US170311302001,2
1500000US170311612002,2
1500000US170310305003,2
1500000US170310404023,2
1500000US170311508002,2
1500000US170312503004,2
1500000US170311508003,2
1500000US170311204003,2
1500000US170311503007,2
1500000US170317004013,2
1500000US170314112002,2
1500000US170311202004,2
1500000US170315501005,2
1500000US170316113002,2
1500000US170312207011,2
1500000US170311704004,2
1500000US170310205002,2
1500000US170317201003,2
1500000US170311505011,2
1500000US170318316003,2
1500000US170317608032,2
1500000US170317402001,2
1500000US170318102006,2
1500000US170312004011,2
1500000US170310506002,2
1500000US170311605021,2
1500000US170310402023,2
1500000US170310818003,2
1500000US170310303001,2
1500000US170318134006,2
1500000US170310319002,2
1500000US170310702003,2
1500000US170310627001,2
1500000US170314911005,2
1500000US170310812023,2
1500000US170318306004,2
1500000US170310314004,2
1500000US170310401002,2
1500000US170318398002,2
1500000US170310632006,2
1500000US170318397003,2
1500000US170310601002,2
1500000US170311503004,2
1500000US170317202003,2
1500000US170311502003,2
1500000US170318203003,2
1500000US170311705004,2
1500000US170317402002,2
1500000US170310609005,2
1500000US170310319001,2
1500000US170315705001,2
1500000US170312420001,2
1500000US170310802013,2
1500000US170317709022,2
1500000US170310603001,2
1500000US170314111002,2
1500000US170316501001,2
1500000US170310710001,2
1500000US170315202003,2
1500000US170311301002,2
1500000US170316407003,2
1500000US170310203013,1
1500000US170310408001,1
1500000US170318211023,1
1500000US170311007005,1
1500000US170316007001,1
1500000US170311408002,1
1500000US170310713002,1
1500000US170310718002,1
1500000US170315611001,1
1500000US170310503002,1
1500000US170313018033,1
1500000US170311707002,1
1500000US170310902003,1
1500000US170310627002,1
1500000US170311610002,1
1500000US170317207003,1
1500000US170317205001,1
1500000US170312215001,1
1500000US170311506003,1
1500000US170311204001,1
1500000US170310207012,1
1500000US170312504004,1
1500000US170315609004,1
1500000US170310705003,1
1500000US170316407002,1
1500000US170316504002,1
1500000US170310309004,1
1500000US170310812024,1
1500000US170310301023,1
1500000US170316204002,1
1500000US170311506004,1
1500000US170310105011,1
1500000US170316406003,1
1500000US170310404014,1
1500000US170311105014,1
1500000US170310901001,1
1500000US170316407001,1
1500000US170310609006,1
1500000US170311512003,1
1500000US170315609005,1
1500000US170318212001,1
1500000US170310203022,1
1500000US170311503006,1
1500000US170318130001,1
1500000US170310106002,1
1500000US170311007004,1
1500000US170310801003,1
1500000US170310307033,1
1500000US170310301014,1
1500000US170318204002,1
1500000US170313817001,1
1500000US170310902001,1
1500000US170311202002,1
1500000US170310508001,1
1500000US170312505006,1
1500000US170313201014,1
1500000US170311606021,1
1500000US170310633023,1
1500000US170310404021,1
1500000US170310715004,1
1500000US170313515001,1
1500000US170310307032,1
1500000US170318105011,1
1500000US170311801001,1
1500000US170310404025,1
1500000US170310804003,1
1500000US170315205001,1
1500000US170311705002,1
1500000US170313819001,1
1500000US170311303004,1
1500000US170311505013,1
1500000US170318308001,1
1500000US170311103001,1
1500000US170312505005,1
1500000US170310301041,1
1500000US170310633011,1
1500000US170310608004,1
1500000US170310802022,1
1500000US170312505003,1
1500000US170318307001,1
1500000US170311408003,1
1500000US170317404004,1
1500000US170318121002,1
1500000US170314110002,1
1500000US170311504013,1
1500000US170438400002,1
1500000US170312109002,1
1500000US170312408001,1
1500000US170315609002,1
1500000US170310502003,1
1500000US170318233041,1
1500000US170318117011,1
1500000US170311103003,1
1500000US170312216001,1
1500000US170311006003,1
1500000US170318057022,1
1500000US170310628002,1
1500000US170310801002,1
1500000US170318228022,1
1500000US170311504023,1
1500000US170311005005,1
1500000US170310512002,1
1500000US170310714003,1
1500000US170318208001,1
1500000US170317401002,1
1500000US170318316005,1
1500000US170310307021,1
1500000US170310601003,1
1500000US170317204001,1
1500000US170312101003,1
1500000US170314912002,1
1500000US170311003001,1
1500000US170315906003,1
1500000US170311003003,1
1500000US170318122004,1
1500000US170310409001,1
1500000US170310717002,1
1500000US170312505004,1
1500000US170310408002,1
1500000US170312105023,1
1500000US170317404003,1
1500000US170310306012,1
1500000US170310602001,1
1500000US170310312001,1
1500000US170318208003,1
1500000US170314911002,1
1500000US170311608001,1
1500000US170312203002,1
1500000US170311202001,1
1500000US170318399004,1
1500000US170315205003,1
1500000US170310802012,1
1500000US170317003021,1
1500000US170312106012,1
1500000US170310801004,1
1500000US170310627003,1
1500000US170317608034,1
1500000US170310501002,1
1500000US170310315023,1
1500000US170312214001,1
1500000US170318104003,1
1500000US170311904021,1
1500000US170311504014,1
1500000US170310701011,1
1500000US170311505022,1
1500000US170317504003,1
1500000US170310401003,1
1500000US170318133022,1
1500000US170317608011,1
1500000US170311405002,1
1500000US170311911006,1
1500000US170310812022,1
1500000US170310801005,1
1500000US170317503002,1
1500000US170318106001,1
1500000US170311506002,1
1500000US170311201001,1
1500000US170310620002,1
1500000US170311404003,1
1500000US170311404005,1
1500000US170310704002,1
1500000US170317003023,1
1500000US170313109002,1
1500000US170310608003,1
1500000US170310601001,1
1500000US170311602002,1
1500000US170318203004,1
1500000US170311101005,1
1500000US170311103005,1
1500000US170317503001,1
1500000US170317003022,1
1500000US170311512001,1
1500000US170311201003,1
1500000US170318103014,1
1500000US170311303002,1
1500000US170317206002,1
1500000US170311004002,1
1500000US170312205001,1
1500000US170317201002,1
1500000US170311606012,1
1500000US170311006002,1
1500000US170318227012,1
1500000US170315610003,1
1500000US170310309001,1
1500000US170318399005,1
